rank,issue_id,topic,definition,complaint_count,cancellation_count,severity_sum,mean_severity,severity_4plus_count,severity_5_count,needs_review_count,mean_sentiment,share_of_ranked_complaints_pct,helpful_votes_sum
1,other.general,other,"Dislike, 'bad/useless app', or leaving, with no specific product problem.",68669,5820,135595,1.974617,91,40,10963,-0.716144,23.461101,16655
2,usability.ad_interruptions,usability,"Ads too frequent, long, loud, repetitive, or interrupting listening.",36295,2740,74151,2.043009,59,3,3431,-0.584510,12.400365,108723
3,billing.broad_paywall,billing,"Generally says the app or basic features now require Premium, without naming one control.",20683,3728,56098,2.712276,373,4,2712,-0.704061,7.066448,19134
4,billing.premium_only_controls,billing,"Seek/rewind, repeat, shuffle-off, queue or order controls locked behind Premium.",18694,4744,56084,3.000107,16,3,1448,-0.771130,6.386897,200134
5,billing.free_song_choice,billing,"Free users cannot choose, play or skip the songs they want, or have a skip limit.",16048,2838,48254,3.006854,134,2,1703,-0.731069,5.482878,101462
6,usability.queue_shuffle,usability,"Playback ignores the chosen song/playlist, adds unwanted tracks, repeats the same songs, or shuffles unexpectedly.",13914,1393,41465,2.980092,82,8,1583,-0.679014,4.753786,81180
7,other.update_regression,other,Blames an update for making the app worse without naming a specific functional failure.,18443,2279,37089,2.011007,30,1,1748,-0.692360,6.301141,14040
8,playback.app_crash_freeze,playback,"The app will not open or load, freezes, lags or crashes.",10266,740,33647,3.277518,3151,18,1387,-0.656400,3.507429,55902
9,playback.wont_start,playback,"Music will not begin or resume, or a connection/offline error prevents playback.",7945,568,28442,3.579862,4634,26,1447,-0.679673,2.714448,41175
10,playback.stops_midway,playback,"Audio starts but stops, pauses, cuts out or fails to advance.",9021,1010,27398,3.037136,356,4,955,-0.679681,3.082069,100031
11,usability.playlist_library,usability,"Creating/managing playlists, liked/saved songs or library; includes saved songs or playlists lost or emptied.",6532,475,21252,3.253521,1291,901,1015,-0.633788,2.231690,63954
12,usability.interface_navigation,usability,"Layout, home screen, tabs or navigation changed or make features hard to find.",7319,1195,18209,2.487908,87,3,847,-0.646823,2.500572,70365
13,access.general,access,"Cannot sign in or access the account, with no more specific cause stated.",4623,240,18113,3.918019,4189,106,689,-0.713736,1.579471,4567
14,usability.playback_controls,usability,"Skip/seek/repeat/shuffle controls missing, broken or hard to use, not because of a Premium restriction.",5966,639,17509,2.934797,30,1,903,-0.640027,2.038313,37948
15,catalog.missing_content,catalog,"A song, artist, album or podcast is absent, removed or unavailable.",5782,504,16561,2.864234,97,21,1089,-0.509703,1.975449,18796
16,catalog.lyrics,catalog,"Lyrics missing, not loading, locked or incorrect.",5455,222,15907,2.916040,14,2,363,-0.569936,1.863728,27049
17,playback.wrong_audio,playback,"Wrong track plays, or volume/quality/audio is degraded; includes device, car or Bluetooth output problems.",4295,476,12367,2.879395,94,5,813,-0.614552,1.467408,25849
18,playback.general,playback,A playback problem without enough detail for a more specific subtopic.,3788,264,10792,2.848997,374,8,2266,-0.542344,1.294189,8728
19,billing.general,billing,Billing complaint too vague for a specific subtopic.,3457,217,9338,2.701186,370,46,1491,-0.618484,1.181101,3178
20,access.phone_login,access,"Sign-in fails because the phone number is rejected, unverifiable, or must be changed.",2137,80,8501,3.978007,1994,97,147,-0.717033,0.730117,418
21,billing.price_plans,billing,"Subscription price, plan availability, discounts, trials, student/family plan eligibility.",3616,483,8038,2.222898,30,8,747,-0.518418,1.235424,6169
22,downloads.offline_playback,downloads,Downloaded content cannot be found or played offline.,2092,146,7671,3.666826,1393,6,267,-0.674379,0.714742,13377
23,usability.general,usability,A usability complaint with no specific actionable issue named.,2460,154,5832,2.370732,10,1,1185,-0.529472,0.840471,5891
24,catalog.recommendations,catalog,"Recommendations, DJ or suggested tracks are poor, repetitive or unwanted.",2220,176,5660,2.549550,3,0,424,-0.525811,0.758474,14285
25,downloads.download_failures,downloads,"Downloads will not start, finish or are not offered.",1750,44,5293,3.024571,112,0,423,-0.543029,0.597896,2923
26,catalog.search_discovery,catalog,Cannot find desired content through search or browsing.,1811,120,5226,2.885699,56,1,370,-0.564053,0.618737,10721
27,billing.unwanted_charges,billing,"Charged without consent, after cancelling, double-charged, refund refused, or paid with no service.",907,144,4444,4.899669,873,861,149,-0.872106,0.309881,1243
28,access.signup_signin_method,access,"Account creation fails, or a sign-in route (Google, Facebook, email, browser/device link) is unavailable.",954,50,3598,3.771488,756,9,119,-0.689727,0.325939,547
29,other.boycott_protest,other,"Political, religious or national boycott/protest content.",2086,945,3322,1.592522,0,0,423,-0.642186,0.712692,179
30,catalog.general,catalog,Catalog/search/lyrics complaint too vague for a specific subtopic.,1265,72,3045,2.407115,10,3,872,-0.547589,0.432193,1728
31,access.unexpected_logout,access,The app logs the user out unexpectedly or repeatedly.,863,63,3000,3.476246,371,42,110,-0.698146,0.294848,6609
32,downloads.downloads_disappear,downloads,Previously downloaded content disappears or must be downloaded again.,859,59,2837,3.302678,157,107,164,-0.683120,0.293482,8354
33,access.password_recovery,access,"Password rejected or forgotten, password reset or account recovery fails.",562,49,2147,3.820285,465,7,59,-0.735231,0.192010,3117
34,other.privacy_data,other,"Objects to personal-data collection, tracking or data security.",461,56,1504,3.262473,172,167,183,-0.744252,0.157503,561
35,downloads.download_controls,downloads,"Selecting, removing, locating or storing downloads (including SD card).",463,33,1382,2.984881,28,7,54,-0.572354,0.158186,5894
36,access.account_hacked,access,"Account taken over, hacked, or used by someone else.",248,29,1225,4.939516,242,240,68,-0.797177,0.084730,270
37,support.no_response,support,"Support did not reply, ignored the user, or did not resolve the problem.",270,46,748,2.770370,15,4,82,-0.741481,0.092247,333
38,downloads.general,downloads,Downloads or offline listening mentioned without a specific failure.,216,17,524,2.425926,1,0,135,-0.404167,0.073797,45
39,support.support_access,support,Cannot find or reach a support channel.,134,11,369,2.753731,12,5,31,-0.658955,0.045782,165
40,support.general,support,Vague support-related complaint.,124,5,269,2.169355,3,0,57,-0.666129,0.042365,9
