claim_id,issue_id,metric,value
C001,other.general,complaint_count,68669
C003,other.general,mean_severity,1.974617
C004,other.general,priority_score,135595
C005,usability.ad_interruptions,complaint_count,36295
C007,usability.ad_interruptions,mean_severity,2.043009
C008,usability.ad_interruptions,priority_score,74151
C009,billing.broad_paywall,complaint_count,20683
C012,billing.broad_paywall,priority_score,56098
C013,billing.premium_only_controls,complaint_count,18694
C016,billing.premium_only_controls,priority_score,56084
C017,billing.free_song_choice,complaint_count,16048
C020,billing.free_song_choice,priority_score,48254
C029,playback.app_crash_freeze,complaint_count,10266
C033,playback.wont_start,complaint_count,7945
C035,playback.wont_start,mean_severity,3.579862
C041,access.general,complaint_count,4623
C043,access.general,mean_severity,3.918019
C045,support.no_response,complaint_count,270
