rank,issue_id,complaint_count,severity_sum,mean_severity,priority_score
1,other.general,68669,135595,1.974617,135595
2,usability.ad_interruptions,36295,74151,2.043009,74151
3,billing.broad_paywall,20683,56098,2.712276,56098
4,billing.premium_only_controls,18694,56084,3.000107,56084
5,billing.free_song_choice,16048,48254,3.006854,48254
6,usability.queue_shuffle,13914,41465,2.980092,41465
7,other.update_regression,18443,37089,2.011007,37089
8,playback.app_crash_freeze,10266,33647,3.277518,33647
9,playback.wont_start,7945,28442,3.579862,28442
10,playback.stops_midway,9021,27398,3.037136,27398
11,usability.playlist_library,6532,21252,3.253521,21252
12,usability.interface_navigation,7319,18209,2.487908,18209
13,access.general,4623,18113,3.918019,18113
14,usability.playback_controls,5966,17509,2.934797,17509
15,catalog.missing_content,5782,16561,2.864234,16561
16,catalog.lyrics,5455,15907,2.916040,15907
17,playback.wrong_audio,4295,12367,2.879395,12367
18,playback.general,3788,10792,2.848997,10792
19,billing.general,3457,9338,2.701186,9338
20,access.phone_login,2137,8501,3.978007,8501
21,billing.price_plans,3616,8038,2.222898,8038
22,downloads.offline_playback,2092,7671,3.666826,7671
23,usability.general,2460,5832,2.370732,5832
24,catalog.recommendations,2220,5660,2.549550,5660
25,downloads.download_failures,1750,5293,3.024571,5293
26,catalog.search_discovery,1811,5226,2.885699,5226
27,billing.unwanted_charges,907,4444,4.899669,4444
28,access.signup_signin_method,954,3598,3.771488,3598
29,other.boycott_protest,2086,3322,1.592522,3322
30,catalog.general,1265,3045,2.407115,3045
31,access.unexpected_logout,863,3000,3.476246,3000
32,downloads.downloads_disappear,859,2837,3.302678,2837
33,access.password_recovery,562,2147,3.820285,2147
34,other.privacy_data,461,1504,3.262473,1504
35,downloads.download_controls,463,1382,2.984881,1382
36,access.account_hacked,248,1225,4.939516,1225
37,support.no_response,270,748,2.770370,748
38,downloads.general,216,524,2.425926,524
39,support.support_access,134,369,2.753731,369
40,support.general,124,269,2.169355,269
