pilot_run,request_id,stage,model,reasoning_effort,outcome,usage_known,review_ids,input_uncached,input_cached,output,reasoning_tokens_included_in_output,latency_s
cold,resp_0f91591dead11bba016ac1fe7e036087d0ac9a1d5505056b42,enrich,gpt-6-luna,none,succeeded,True,50,4383,0,2376,0,15.156
cold,resp_00091d0a54c31ee8016ac1fe8cefc887d0a14cf94d3e97f052,enrich,gpt-6-luna,none,succeeded,True,50,1898,2564,2394,0,13.578
cold,resp_0af1423901f1f6da016ac1fe9a900887d08d2d97f60e4ee21d,verify,gpt-6-luna,low,succeeded,True,10,756,0,519,212,4.822
cold,resp_0302e723a1c7aab4016ac1fe9f5a6887d0b2c6ae79af2cb2ff,verify,gpt-6-luna,low,succeeded,True,10,813,0,510,200,4.538
cold,resp_0c12687a588106e7016ac1fea3f57487d093d7aa48df885dc9,group,gpt-6-luna,low,succeeded,True,8,595,0,44,0,1.185
cold,resp_02f862e3eeb28713016ac1fea51fc487d0b125efb958fad145,group,gpt-6-luna,low,succeeded,True,7,561,0,48,0,1.309
cold,resp_09923b4066da2b93016ac1fea6753487d0b9ee915d153b16a8,group,gpt-6-luna,low,succeeded,True,4,439,0,74,0,1.823
cold,resp_0da0432e12348ea8016ac1fea8463c87d08cfe8b91f9f89cbe,group,gpt-6-luna,low,succeeded,True,4,430,0,204,147,3.34
cold,resp_08673a3c0d3ec09a016ac1feab997c87d0b4cb27be66993845,group,gpt-6-luna,low,succeeded,True,3,379,0,42,0,1.46
cold,resp_0078cb55e2936a9c016ac1fead157487d0b9041fe8f926d38e,group,gpt-6-luna,low,succeeded,True,2,334,0,46,0,1.777
cold,resp_0936262c4811a2b4016ac1feaed7c487d09a943ee44b173f8f,group,gpt-6-luna,low,succeeded,True,2,346,0,73,22,1.787
cold,resp_073aafc0748d09bd016ac1feb09c5087d0af09e470381e95b0,group,gpt-6-luna,low,succeeded,True,2,316,0,40,0,1.479
cold,resp_0e10581a117511e7016ac1feb21a0087d0a39fa25dd2a1f1fe,group,gpt-6-luna,low,succeeded,True,3,381,0,44,0,1.834
cold,resp_05596489a2220d99016ac1feb3ecdc87d0a7f30014f3e6a245,group,gpt-6-luna,low,succeeded,True,2,326,0,37,0,1.273
cold,resp_0d5fc0c4369107b3016ac1feb5385c87d0ba6d014132bd30e3,group,gpt-6-luna,low,succeeded,True,2,333,0,38,0,1.291
cold,resp_0630f28edc9110d1016ac1feb67bd087d095fac8edee4b75d6,group,gpt-6-luna,low,succeeded,True,1,288,0,38,0,1.42
cold,resp_0ccefb83720b1509016ac1feb7e7b087d0969aa3edf063a39d,group,gpt-6-luna,low,succeeded,True,1,276,0,33,0,1.77
cold,resp_0be67228f08c2289016ac1feb9adec87d0970f6128c2fadc00,group,gpt-6-luna,low,succeeded,True,1,274,0,34,0,1.609
cold,resp_0af6a18de43f4130016ac1febb49d887d099a92fb9750681d4,group,gpt-6-luna,low,succeeded,True,1,279,0,35,0,1.213
cold,resp_02157890d815065f016ac1febcaab087d0816e0db422a9c33e,memo,gpt-6-luna,medium,succeeded,True,0,6485,0,2446,1385,24.437
