month,all_reviews,topic,ranked_complaints,share_of_all_reviews_pct,partial_month
2022-06,5,access,0,0.000000,True
2022-06,5,usability,0,0.000000,True
2022-06,5,playback,0,0.000000,True
2022-06,5,downloads,1,20.000000,True
2022-06,5,catalog,1,20.000000,True
2022-06,5,billing,0,0.000000,True
2022-06,5,support,0,0.000000,True
2022-06,5,other,0,0.000000,True
2022-07,5,access,0,0.000000,False
2022-07,5,usability,1,20.000000,False
2022-07,5,playback,1,20.000000,False
2022-07,5,downloads,0,0.000000,False
2022-07,5,catalog,0,0.000000,False
2022-07,5,billing,0,0.000000,False
2022-07,5,support,0,0.000000,False
2022-07,5,other,0,0.000000,False
2022-08,6,access,0,0.000000,False
2022-08,6,usability,0,0.000000,False
2022-08,6,playback,0,0.000000,False
2022-08,6,downloads,0,0.000000,False
2022-08,6,catalog,0,0.000000,False
2022-08,6,billing,1,16.666667,False
2022-08,6,support,0,0.000000,False
2022-08,6,other,0,0.000000,False
2022-09,5,access,0,0.000000,False
2022-09,5,usability,1,20.000000,False
2022-09,5,playback,0,0.000000,False
2022-09,5,downloads,0,0.000000,False
2022-09,5,catalog,0,0.000000,False
2022-09,5,billing,0,0.000000,False
2022-09,5,support,0,0.000000,False
2022-09,5,other,0,0.000000,False
2022-10,4,access,0,0.000000,False
2022-10,4,usability,0,0.000000,False
2022-10,4,playback,0,0.000000,False
2022-10,4,downloads,0,0.000000,False
2022-10,4,catalog,1,25.000000,False
2022-10,4,billing,1,25.000000,False
2022-10,4,support,0,0.000000,False
2022-10,4,other,0,0.000000,False
2022-11,1,access,0,0.000000,False
2022-11,1,usability,1,100.000000,False
2022-11,1,playback,0,0.000000,False
2022-11,1,downloads,0,0.000000,False
2022-11,1,catalog,0,0.000000,False
2022-11,1,billing,0,0.000000,False
2022-11,1,support,0,0.000000,False
2022-11,1,other,0,0.000000,False
2022-12,2,access,0,0.000000,False
2022-12,2,usability,0,0.000000,False
2022-12,2,playback,0,0.000000,False
2022-12,2,downloads,0,0.000000,False
2022-12,2,catalog,0,0.000000,False
2022-12,2,billing,0,0.000000,False
2022-12,2,support,0,0.000000,False
2022-12,2,other,0,0.000000,False
2023-01,4,access,1,25.000000,False
2023-01,4,usability,0,0.000000,False
2023-01,4,playback,1,25.000000,False
2023-01,4,downloads,0,0.000000,False
2023-01,4,catalog,0,0.000000,False
2023-01,4,billing,0,0.000000,False
2023-01,4,support,0,0.000000,False
2023-01,4,other,1,25.000000,False
2023-02,4,access,0,0.000000,False
2023-02,4,usability,1,25.000000,False
2023-02,4,playback,1,25.000000,False
2023-02,4,downloads,0,0.000000,False
2023-02,4,catalog,0,0.000000,False
2023-02,4,billing,0,0.000000,False
2023-02,4,support,0,0.000000,False
2023-02,4,other,0,0.000000,False
2023-03,7,access,0,0.000000,False
2023-03,7,usability,1,14.285714,False
2023-03,7,playback,1,14.285714,False
2023-03,7,downloads,0,0.000000,False
2023-03,7,catalog,0,0.000000,False
2023-03,7,billing,0,0.000000,False
2023-03,7,support,0,0.000000,False
2023-03,7,other,0,0.000000,False
2023-04,4,access,0,0.000000,False
2023-04,4,usability,0,0.000000,False
2023-04,4,playback,0,0.000000,False
2023-04,4,downloads,0,0.000000,False
2023-04,4,catalog,0,0.000000,False
2023-04,4,billing,1,25.000000,False
2023-04,4,support,0,0.000000,False
2023-04,4,other,0,0.000000,False
2023-05,5,access,0,0.000000,False
2023-05,5,usability,1,20.000000,False
2023-05,5,playback,1,20.000000,False
2023-05,5,downloads,0,0.000000,False
2023-05,5,catalog,0,0.000000,False
2023-05,5,billing,1,20.000000,False
2023-05,5,support,0,0.000000,False
2023-05,5,other,0,0.000000,False
2023-06,4,access,0,0.000000,False
2023-06,4,usability,0,0.000000,False
2023-06,4,playback,1,25.000000,False
2023-06,4,downloads,0,0.000000,False
2023-06,4,catalog,0,0.000000,False
2023-06,4,billing,0,0.000000,False
2023-06,4,support,0,0.000000,False
2023-06,4,other,2,50.000000,False
2023-07,11,access,0,0.000000,False
2023-07,11,usability,0,0.000000,False
2023-07,11,playback,0,0.000000,False
2023-07,11,downloads,1,9.090909,False
2023-07,11,catalog,0,0.000000,False
2023-07,11,billing,0,0.000000,False
2023-07,11,support,0,0.000000,False
2023-07,11,other,4,36.363636,False
2023-08,3,access,1,33.333333,False
2023-08,3,usability,0,0.000000,False
2023-08,3,playback,0,0.000000,False
2023-08,3,downloads,0,0.000000,False
2023-08,3,catalog,0,0.000000,False
2023-08,3,billing,0,0.000000,False
2023-08,3,support,0,0.000000,False
2023-08,3,other,0,0.000000,False
2023-09,6,access,0,0.000000,False
2023-09,6,usability,0,0.000000,False
2023-09,6,playback,0,0.000000,False
2023-09,6,downloads,0,0.000000,False
2023-09,6,catalog,0,0.000000,False
2023-09,6,billing,1,16.666667,False
2023-09,6,support,0,0.000000,False
2023-09,6,other,1,16.666667,False
2023-10,19,access,0,0.000000,False
2023-10,19,usability,3,15.789474,False
2023-10,19,playback,0,0.000000,False
2023-10,19,downloads,0,0.000000,False
2023-10,19,catalog,4,21.052632,False
2023-10,19,billing,6,31.578947,False
2023-10,19,support,0,0.000000,False
2023-10,19,other,3,15.789474,False
2023-11,5,access,0,0.000000,True
2023-11,5,usability,2,40.000000,True
2023-11,5,playback,0,0.000000,True
2023-11,5,downloads,0,0.000000,True
2023-11,5,catalog,0,0.000000,True
2023-11,5,billing,0,0.000000,True
2023-11,5,support,0,0.000000,True
2023-11,5,other,1,20.000000,True
